LOINC,LongName,Component,Property,Timing,System,Scale,Method,exUCUMunits,exUnits,Lforms,Rank,SIRank,Class,ShortName,DisplayName,Type,OrderObs,Copyright
11294-6,Current employment Narrative - Reported,Current employment,Find,Pt,^Patient,Nar,Reported,,,,,,ADMIN.PATIENT.DEMOG,Current employment Reported,,Clinical,, 
11295-3,Current employment - Reported,Current employment,Find,Pt,^Patient,Nom,Reported,,,,,,ADMIN.PATIENT.DEMOG,Current employment Reported,,Clinical,, 
11296-1,ED clinical finding practitioner identifier,ED clinical finding practitioner ID,ID,Pt,Provider,Nom,,,,,,,ADMIN.ID,ED clin find pract ID,,Clinical,, 
11298-7,ED consultant practitioner identifier,ED consultant practitioner ID,ID,Pt,Provider,Nom,,,,,,,ADMIN.ID,ED consult pract ID,,Clinical,, 
11312-6,ED procedure practitioner identifier,ED procedure practitioner ID,ID,Pt,Provider,Nom,,,,,,,ADMIN.ID,ED procedure pract ID,,Clinical,, 
11318-3,Ambulance transport agency EMS system,Ambulance transport agency,ID,Pt,EMS system,Nom,,,,,,,ADMIN.ID,Ambulance transport agency EMS Sys,,Clinical,, 
11319-1,Ambulance transport unit [Identifier] EMS system,Ambulance transport unit,ID,Pt,EMS system,Nom,,,,,,,ADMIN.ID,Ambulance transport unit EMS Sys,,Clinical,, 
11340-7,History of Occupation Narrative,Occupation,Hx,Pt,^Patient,Nar,,,,,,,ADMIN.PATIENT.DEMOG,Hx of Occupation,,Clinical,, 
11341-5,History of Occupation,Occupation,Hx,Pt,^Patient,Nom,,,,,,,ADMIN.PATIENT.DEMOG,Hx of Occupation,,Clinical,, 
11513-9,Provider.signing [Identifier] Report,Provider.signing,ID,Pt,Report,Nom,,,,,,,ADMIN.ID,Provider.signing Report,,Clinical,, 
11530-3,Surgeon.assisting [Identifier],Surgeon.assisting,ID,Pt,Surgical procedure,Nom,,,,,,,ADMIN.ID,Surgeon.assisting,,Clinical,, 
11531-1,Surgeon.resident [Identifier],Surgeon.resident,ID,Pt,Surgical procedure,Nom,,,,,,,ADMIN.ID,Surgeon.resident,,Clinical,, 
11532-9,Surgeon.staff [Identifier],Surgeon.staff,ID,Pt,Surgical procedure,Nom,,,,,,,ADMIN.ID,Surgeon.staff,,Clinical,, 
18694-0,ED consultant practitioner name,ED consultant practitioner name,Pn,Pt,Provider,Nom,,,,,,,ATTACH.ED,,,Attachment,, 
18700-5,ED practitioner name,ED practitioner name,Pn,Pt,Provider,Nom,,,,,,,ATTACH.ED,,,Attachment,, 
18705-4,ED referring practitioner name,ED referring practitioner name,Pn,Pt,Provider,Nom,,,,,,,ATTACH.ED,,,Attachment,, 
18770-8,Dictating practitioner name,Dictating practitioner name,Pn,Pt,Provider,Nom,,,,,,,ATTACH.CLINRPT,,,Attachment,, 
18771-6,Provider signing name,Provider.signing name,Pn,Pt,Report,Nom,,,,,,,ADMIN,Provider signing name,,Clinical,, 
18772-4,Surgeon.resident name,Surgeon.resident name,Pn,Pt,Surgical procedure,Nom,,,,,,,ATTACH.CLINRPT,,,Attachment,, 
18773-2,Surgeon.staff name,Surgeon.staff name,Pn,Pt,Surgical procedure,Nom,,,,,,,ATTACH.CLINRPT,,,Attachment,, 
19111-4,Mother's hospital number,Hospital number,ID,Pt,^Mother,Nom,,,,,1603,1603,ADMIN.ID,Mother's hospital #,,Clinical,, 
21842-0,Birthplace,Birthplace,Loc,Pt,^Patient,Nom,,,,,,,ADMIN.PATIENT.DEMOG,Birthplace,,Clinical,, 
21851-1,Address at cancer diagnosis,Address at cancer XXX Dx,Xad,Pt,^Patient,Nom,,,,,,,TUMRRGT,Address at cancer Dx,,Clinical,, 
22018-6,Military patient number,Military patient number,ID,Pt,^Patient,Nom,,,,,,,ADMIN.PATIENT.ID,Military patient #,,Clinical,, 
22019-4,Death certificate number,Death certificate number,ID,Pt,^Patient,Nom,,,,,,,ADMIN.PATIENT.ID,Death certificate #,,Clinical,, 
22020-2,Maiden name,Maiden name,Pn,Pt,^Patient,Nom,,,,,,,TUMRRGT,Maiden name,,Clinical,, 
22021-0,Institution referred from Cancer registry,Institution referred from,ID,Pt,Cancer registry,Nom,,,,,,,ADMIN.ID,Inst referred from Cancer Registry,,Clinical,, 
22022-8,Institution referred to Cancer registry,Institution referred to,ID,Pt,Cancer registry,Nom,,,,,,,ADMIN.ID,Inst referred to Cancer Registry,,Clinical,, 
22023-6,Last follow-up hospital [Identifier] Cancer registry,Last follow-up hospital,ID,Pt,Cancer registry,Nom,,,,,,,ADMIN.ID,Last follow-up hospital Cancer Registry,,Clinical,, 
22024-4,Following registry [Identifier] Cancer registry,Following registry,ID,Pt,Cancer registry,Nom,,,,,,,ADMIN.ID,Following registry Cancer Registry,,Clinical,, 
22025-1,Physician managing [Identifier],Physician managing,ID,Pt,^Patient,Nom,,,,,,,ADMIN.ID,Physician managing,,Clinical,, 
22026-9,Physician follow up [Identifier],Physician follow up,ID,Pt,^Patient,Nom,,,,,,,ADMIN.ID,Physician follow up,,Clinical,, 
22027-7,Surgeon primary [Identifier],Surgeon primary,ID,Pt,^Patient,Nom,,,,,,,ADMIN.ID,Surgeon primary,,Clinical,, 
22028-5,Physician [Identifier],Physician,ID,Pt,^Patient,Nom,,,,,,,ADMIN.ID,Physician,,Clinical,, 
30947-6,Date form completed,Date form completed,Date,Pt,Form,Qn,,{mm/dd/yyyy},MMDDYY,,,,ADMIN,Date form completed,,Clinical,Observation, 
39233-2,"Screen test, other name CPHS","Screen test, other name",Txt,Pt,XXX,Nar,CPHS,,,,,,ATTACH.CPHS,,,Attachment,, 
39250-6,"Program participation, name CPHS","Program participation, name",Type,Pt,^Patient,Nom,CPHS,,,,,,ATTACH.CPHS,,,Attachment,, 
39268-8,"Follow-up (referred to) provider /specialist, name CPHS","Follow-up (referred to) provider &or specialist, name",Pn,Pt,Clinical referral,Nom,CPHS,,,,,,ATTACH.CPHS,,,Attachment,, 
39270-4,"Follow-up (referred to) provider /specialist, address CPHS","Follow-up (referred to) provider &or specialist, address",Addr,Pt,Clinical referral,Nom,CPHS,,,,,,ATTACH.CPHS,,,Attachment,, 
39271-2,"Follow-up (referred to) provider /specialist, phone CPHS","Follow-up (referred to) provider &or specialist, phone",Tele,Pt,Clinical referral,Nom,CPHS,,,,,,ATTACH.CPHS,,,Attachment,, 
39275-3,"Follow-up (referred to) program, name CPHS","Follow-up (referred to) program, name",Txt,Pt,Program referral,Nar,CPHS,,,,,,ATTACH.CPHS,,,Attachment,, 
39276-1,"Follow-up (referred to) program, address CPHS","Follow-up (referred to) program, address",Addr,Pt,Program referral,Nom,CPHS,,,,,,ATTACH.CPHS,,,Attachment,, 
39277-9,"Follow-up (referred to) program, phone CPHS","Follow-up (referred to) program, phone",Tele,Pt,Program referral,Nom,CPHS,,,,,,ATTACH.CPHS,,,Attachment,, 
39281-1,"Responsible party, name CPHS","Responsible party, name",Pn,Pt,Responsible party,Nom,CPHS,,,,,,ATTACH.CPHS,,,Attachment,, 
39282-9,"Responsible party, home phone number CPHS","Responsible party, home phone number",Tele,Pt,Responsible party,Nom,CPHS,,,,,,ATTACH.CPHS,,,Attachment,, 
39284-5,Patient escort information panel,Patient escort information panel,-,Pt,^Escort,-,,,,,,,PANEL.ADMIN,Patient escort info Pnl,,Clinical,, 
39285-2,Escort Name,Name,Pn,Pt,^Escort,Nom,,,,,,,ADMIN,Escort Name,,Clinical,, 
39286-0,Escort Relationship to patient,Relationship to patient,Type,Pt,^Escort,Nom,,,,,,,ADMIN,Escort Relationship to pt,,Clinical,, 
42077-8,Patient phone number,Phone number,Tele,Pt,^Patient,Nom,,,,,,,ADMIN.PATIENT,Phone #,,Clinical,Observation, 
42106-5,Archive facility identification number Cancer,Archive facility identification number,ID,Pt,Cancer.XXX,Nom,,,,,,,ADMIN.ID,Archive FIN Cancer,,Clinical,, 
42127-1,Name of follow-up contact,Name of follow-up contact,Pn,Pt,^Patient,Nom,,,,,,,TUMRRGT,Name of follow-up contact,,Clinical,, 
44780-5,Organ donor ID number Narrative,Organ donor ID number,ID,Pt,^Donor,Nar,,,,,,,ADMIN.ID,Organ donor ID # Donr,,Clinical,Observation, 
44951-2,Physician NPI [Identifier],Physician NPI,ID,Pt,Provider,Nom,,,,,,,ADMIN.ID,Physician NPI,,Clinical,Observation, 
44952-0,Surgeon primary NPI [Identifier] Provider,Surgeon primary NPI,ID,Pt,Provider,Nom,,,,,,,ADMIN.ID,Surgeon primary NPI Provider,,Clinical,Observation, 
44953-8,Physician follow up NPI [Identifier],Physician follow up NPI,ID,Pt,Provider,Nom,,,,,,,ADMIN.ID,Physician follow up NPI,,Clinical,Observation, 
44954-6,Physician managing NPI [Identifier],Physician managing NPI,ID,Pt,Provider,Nom,,,,,,,ADMIN.ID,Physician managing NPI,,Clinical,Observation, 
44955-3,Archive facility identification number NPI Cancer,Archive facility identification number NPI,ID,Pt,Cancer.XXX,Nom,,,,,,,ADMIN.FACILITY,Archive FIN NPI Cancer,,Clinical,Observation, 
44956-1,Following registry NPI [Identifier] Cancer registry,Following registry NPI,ID,Pt,Cancer registry,Nom,,,,,,,ADMIN.ID,Following registry NPI Cancer Registry,,Clinical,Observation, 
44957-9,Institution referred to NPI Cancer registry,Institution referred to NPI,ID,Pt,Cancer registry,Nom,,,,,,,ADMIN.ID,Inst referred to NPI Cancer Registry,,Clinical,Observation, 
44958-7,Institution referred from NPI Cancer registry,Institution referred from NPI,ID,Pt,Cancer registry,Nom,,,,,,,ADMIN.ID,Inst referred from NPI Cancer Registry,,Clinical,Observation, 
44959-5,Hospital.reporting NPI [Identifier] Cancer,Hospital.reporting NPI,ID,Pt,Cancer.XXX,Nom,,,,,,,ADMIN.ID,Hospital.reporting NPI Cancer,,Clinical,Observation, 
44960-3,Institution data source NPI Registry message,Institution data source NPI,ID,Pt,Registry message,Nom,,,,,,,ADMIN.ID,Inst data source NPI Registry Message,,Clinical,Observation, 
45392-8,First (Given) name,First name,Pn,Pt,^Patient,Nom,,,,,,,ADMIN.PATIENT,First name,,Clinical,Both, 
45393-6,Middle initial,Middle initial,Pn,Pt,^Patient,Nom,,,,,,,ADMIN.PATIENT,Middle initial,,Clinical,Both, 
45394-4,Last (Family) name,Last name,Pn,Pt,^Patient,Nom,,,,,,,ADMIN.PATIENT,Last name,,Clinical,Both, 
45395-1,Name suffix,Name suffix,Pn,Pt,^Patient,Nom,,,,,,,ADMIN.PATIENT,Name suffix,,Clinical,Both, 
45396-9,Social Security number [Identifier],Social Security number,ID,Pt,^Patient,Nom,,,,,,,ADMIN.PATIENT.ID,Social Security #,,Clinical,Both, 
45397-7,Medicare or comparable number,Medicare or comparable number,ID,Pt,^Patient,Nom,,,,,,,ADMIN.PATIENT.ID,Medicare or comparable #,,Clinical,Both, 
45398-5,State provider number for Facility,State provider number,ID,Pt,Facility,Nom,,,,,,,ADMIN.FACILITY,State provider # Facility,,Clinical,Both, 
45400-9,Medicaid number,Medicaid number,ID,Pt,^Patient,Nom,,,,,,,ADMIN.PATIENT.ID,Medicaid #,,Clinical,Both, 
45401-7,Postal code [Location],Postal code,Loc,Pt,^Patient,Nom,,,,,,,ADMIN.PATIENT.DEMOG,Postal code,,Clinical,Both, 
45402-5,Language.primary,Language.primary,Find,Pt,^Patient,Nom,,,,,,,ADMIN.PATIENT.DEMOG,Primary language,,Clinical,, 
45403-3,Room number [Location],Room number,Loc,Pt,^Patient,Nom,,,,,,,ADMIN.PATIENT,Room #,,Clinical,Both, 
45404-1,Marital status,Marital status,Type,Pt,^Patient,Nom,,,,,,,ADMIN.PATIENT.DEMOG,Marital status,,Clinical,Observation, 
46098-0,Sex,Sex,Type,Pt,^Patient,Nom,,,,,,,ADMIN.PATIENT.DEMOG,Sex,,Clinical,Both, 
46106-1,Medical record number [Identifier],Medical record number,ID,Pt,^Patient,Nom,,,,,,,ADMIN.PATIENT.ID,MRN,,Clinical,Observation, 
46463-6,Race or ethnicity,Race or ethnicity,Type,Pt,^Patient,Nom,,,,,,,ADMIN.DEMOG,Race or ethnicity,,Clinical,, 
46499-0,State of residence,State of residence,Loc,Pt,^Patient,Nom,,,,,,,ADMIN.PATIENT.DEMOG,State of residence,,Clinical,Both, 
49089-6,Sonographer [Identifier],Sonographer,ID,Pt,^Patient,Nom,,,,,,,ADMIN.ID,Sonographer,,Clinical,Observation, 
52023-9,"Ambulance transport, Origination site name and address",Origination site name and address,Cmplx,Pt,Ambulance transport,Set,,,,,,,ATTACH.AMB,,,Attachment,, 
52026-2,"Ambulance transport, Destination site name and address",Destination site name & address,Cmplx,Pt,Ambulance transport,Set,,,,,,,ATTACH.AMB,,,Attachment,, 
52455-3,Admission date,Admission date,TmStp,Pt,^Patient,Qn,,{mm/dd/yyyy},MMDDYY,,,,ADMIN,Admission date,,Clinical,Both, 
52462-9,Nickname,Nickname,Pn,Pt,^Patient,Nom,,,,,,,ADMIN.PATIENT,Nickname,,Clinical,Both, 
52463-7,Patient Identification Number or Provider Account Number,Patient Identification Number or Provider Account Number,ID,Pt,^Patient,Nom,,,,,,,ADMIN.PATIENT.ID,Patient ID # or Provider Acct #,,Clinical,Both, 
52526-1,Attending physician name,Attending physician name,Pn,Pt,Provider,Nom,,,,,,,CLIN,Attending physician name,,Clinical,, 
52539-4,Prior postal code [Location],Prior postal code,Loc,Pt,^Patient,Nom,,,,,,,ADMIN.PATIENT.DEMOG,Prior postal code,,Clinical,Both, 
52828-1,Federal provider name Facility,Federal provider name,ID,Pt,Facility,Nom,,,,,,,SURVEY.NMMDS,,,Survey,, 
52831-5,Postal code [Location] Facility,Postal code,Loc,Pt,Facility,Nom,,,,,,,ADMIN.FACILITY,Postal code Facility,,Clinical,, 
54123-5,Sex of Family member,Sex,Type,Pt,^Family member,Nom,,,,,,,ADMIN.DEMOG,Sex of Fam Mem,,Clinical,, 
54136-7,Relationship to patient Family member,Relationship to patient,Type,Pt,^Family member,Nom,,,,,,,ADMIN,Relationship to pt Fam Mem,,Clinical,, 
54503-8,Legal name of patient,Legal name of patient,-,Pt,^Patient,-,,,,,,,PANEL.SURVEY.CMS,,,Survey,Order, 
54581-4,Facility provider numbers,Facility provider numbers,-,Pt,Facility,-,,,,,,,PANEL.ADMIN,Facility provider #s,,Clinical,Subset, 
54588-9,Interpreter needed,Interpreter needed,Find,Pt,^Patient,Ord,,,,,,,ADMIN.PATIENT,Interpreter needed,,Clinical,Observation, 
54704-2,How important it is to be able to use the phone in private while in this facility [CMS Assessment],How important it is to be able to use the phone in private while in this facility,Find,Pt,^Patient,Ord,CMS Assessment,,,,,,SURVEY.CMS,,,Survey,Observation, 
54899-0,Preferred language,Language.preferred,Type,Pt,^Patient,Nom,,,,,,,ADMIN.PATIENT.DEMOG,Preferred language,,Clinical,Both, 
56051-6,Hispanic or Latino,Hispanic or Latino,Find,Pt,^Patient,Ord,,,,,,,ADMIN.PATIENT.DEMOG,Hispanic or Latino,,Clinical,, 
56090-4,Hispanic origin,Hispanic origin,Type,Pt,^Patient,Nom,,,,,,,ADMIN.PATIENT.DEMOG,Hispanic origin,,Clinical,, 
56794-1,Internal identifier,Internal identifier,ID,Pt,^Patient,Nom,,,,,,,ADMIN.PATIENT.ID,Internal ID,,Clinical,, 
56795-8,Account number [Identifier],Account number,ID,Pt,^Patient,Nom,,,,,,,ADMIN.PATIENT.ID,Account #,,Clinical,, 
56796-6,Emergency contact information panel,Emergency contact information panel,-,Pt,^Emergency contact,-,,,,,,,PANEL.ADMIN,Emergency contact info Pnl,,Clinical,Both, 
56797-4,Episode unique identifier,Episode unique identifier,ID,Pt,^Patient,Nom,,,,,,,ADMIN.PATIENT.ID,Episode unique ID,,Clinical,, 
56799-0,Address,Address,Addr,Pt,^Patient,Nom,,,,,,,ADMIN.PATIENT,Address,,Clinical,, 
56802-2,Primary care provider [Identifier],Primary care provider,ID,Pt,Provider,Nom,,,,,,,ADMIN.ID,Primary care provider,,Clinical,, 
56803-0,ED attending physician [Identifier],ED attending physician,ID,Pt,Provider,Nom,,,,,,,ADMIN.ID,ED attending physician,,Clinical,, 
56804-8,ED nurse [Identifier] Provider,ED nurse,ID,Pt,Provider,Nom,,,,,,,ADMIN.ID,ED nurse Provider,,Clinical,, 
56805-5,ED accepting/admitting provider [Identifier],ED accepting or admitting provider,ID,Pt,Provider,Nom,,,,,,,ADMIN.ID,ED accepting/admitting provider,,Clinical,, 
56806-3,ED transferring provider [Identifier],ED transferring provider,ID,Pt,Provider,Nom,,,,,,,ADMIN.ID,ED transferring provider,,Clinical,, 
56807-1,ED transferring facility [Identifier],ED transferring facility,ID,Pt,Facility,Nom,,,,,,,ADMIN.FACILITY,ED transferring facility,,Clinical,, 
56808-9,ED accepting or admitting facility [Identifier],ED accepting or admitting facility,ID,Pt,Facility,Nom,,,,,,,ADMIN.FACILITY,ED accepting or admitting facility,,Clinical,, 
56809-7,ED tech [Identifier] Provider,ED tech,ID,Pt,Provider,Nom,,,,,,,ADMIN.ID,ED tech Provider,,Clinical,, 
56810-5,ED triage nurse Provider,ED triage nurse,ID,Pt,Provider,Nom,,,,,,,ADMIN.ID,ED triage nurse Provider,,Clinical,, 
56811-3,Primary care clinic or system [Identifier] Facility,Primary care clinic or system,ID,Pt,Facility,Nom,,,,,,,ADMIN.FACILITY,Primary care clinic or system Facility,,Clinical,, 
56812-1,Provider who accepted patient in transfer to another facility [Identifier],Provider who accepted patient in transfer to another facility,ID,Pt,Provider,Nom,,,,,,,ADMIN.ID,Provider who accepted pt in transfer,,Clinical,, 
56855-0,Provider assuming ultimate responsibility for care for patient upon ED disposition [Identifier],Provider assuming ultimate responsibility for care for patient upon ED disposition,ID,Pt,Provider,Nom,,,,,,,ADMIN.ID,Prov assuming resp for care,,Clinical,, 
56856-8,Provider assuming care for patient upon ED disposition [Identifier],Provider assuming care for patient upon ED disposition,ID,Pt,Provider,Nom,,,,,,,ADMIN.ID,Prov assuming care uponED dispon,,Clinical,, 
56862-6,Emergency contact Address,Address,Addr,Pt,^Emergency contact,Nom,,,,,,,ED,Emergency contact Address,,Clinical,, 
56863-4,Emergency contact Phone number,Phone number,Tele,Pt,^Emergency contact,Nom,,,,,,,ADMIN,Emergency contact Phone #,,Clinical,Observation, 
56870-9,ED facility ID,ED facility ID,ID,Pt,Facility,Nom,,,,,,,ADMIN.FACILITY,ED facility ID,,Clinical,, 
62324-9,Post-discharge provider name in Provider,Post-discharge provider name,Pn,Pt,Provider,Nom,,,,,,,CHEM,Post-discharge provider name Provider,Post-discharge provider name Nom (Provider),Lab,Observation, 
62326-4,Post-discharge provider practice name,Post-discharge provider practice name,ID,Pt,Provider,Nom,,,,,,,CHEM,Post-discharge provider practice name,Post-discharge provider practice name Nom (Provider) [ID],Lab,Observation, 
62327-2,Post-discharge provider practice address,Post-discharge provider practice address,Addr,Pt,Provider,Nom,,,,,,,CHEM,Post-disch prov practice address,Post-discharge provider practice address Nom (Provider),Lab,Observation, 
62328-0,Post-discharge provider practice phone number,Post-discharge provider practice phone number,Tele,Pt,Provider,Nom,,,,,,,ADMIN,Post-disch prov practice phone #,Post-discharge provider practice telephone number Nom (Provider),Clinical,Observation, 
62329-8,Birth hospital facility ID,Birth hospital facility ID,ID,Pt,Facility,Nom,,,,,,,ADMIN.FACILITY,Birth hospital ID,Birth hospital facility ID Nom (Facility) [ID],Clinical,Observation, 
62330-6,Birth hospital facility name,Birth hospital facility name,ID,Pt,Facility,Nom,,,,,,,ADMIN.FACILITY,Birth hospital name,Birth hospital facility name Nom (Facility) [ID],Clinical,Observation, 
62331-4,Birth hospital facility address,Birth hospital facility address,Addr,Pt,Facility,Nom,,,,,,,ADMIN.FACILITY,Birth hospital address,Birth hospital facility address Nom (Facility),Clinical,Observation, 
62332-2,Birth hospital facility phone number,Birth hospital facility phone number,Tele,Pt,Facility,Nom,,,,,,,ADMIN.FACILITY,Birth hospital phone #,Birth hospital facility phone number Nom (Facility),Clinical,Observation, 
62369-4,FISH probe name panel - Laboratory device,FISH probe name panel,-,Pt,Laboratory device,-,,,,_62369-4,,,PANEL.HL7.CYTOGEN,FISH probe name pnl Lab Device,FISH probe name panel (Laboratory device),Lab,Order, 
63052-5,PhenX - current address protocol 010801,PhenX - current address protocol 010801,-,Pt,^Patient,-,PhenX,,,_63052-5,,,PANEL.PHENX,Current address proto,,Clinical,, 
63492-3,Father birthplace,Birthplace,Loc,Pt,^Father,Nom,,,,,,,ADMIN.DEMOG,Father birthplace,,Clinical,, 
63498-0,Current street name [Location] [PhenX],Current street name,Loc,Pt,^Patient,Nom,PhenX,,,,,,PHENX,Current street name,,Clinical,, 
63517-7,Household member Relationship to patient,Relationship to patient,Type,Pt,^Household member,Nom,,,,,,,ADMIN,Household member Relationship to pt,,Clinical,, 
63726-4,From what date did you live in the residence,From what date did you live in the residence,Date,Pt,^Patient,Qn,,,MMDDYY,,,,ADMIN.PATIENT,Residence date lived from,,Clinical,, 
63727-2,To what date did you live in the residence,To what date did you live in the residence,Date,Pt,^Patient,Qn,,,MMDDYY,,,,ADMIN.PATIENT,Resid date lived to,,Clinical,, 
63728-0,"What is the residence address, street - crosstreets, city, state or landmark [PEG]","What is the residence address, street - crosstreets, city, state or landmark",Find,Pt,^Patient,Nom,PEG Study,,,,,,PHENX,Residence address PEG,,Clinical,, 
63754-6,"What was the name of the company where you first or next worked, for 6 months or longer [NHANES]","What was the name of the company where you first or next worked, for 6Mo or longer",Find,Pt,^Patient,Nom,NHANES,,,,,,PHENX,Job hx employer NHANES,,Clinical,, 
63781-9,Sex of Sibling,Sex,Find,Pt,^Sibling,Nom,,,,,,,ADMIN.DEMOG,Sex of Sibling,,Clinical,, 
64604-2,Technician [Identifier],Technician ID,ID,Pt,^Patient,Nom,,,,,,,ADMIN,Technician ID,,Clinical,, 
65645-4,Reviewer initials,Reviewer initials,ID,Pt,XXX,Nom,,,,,,,ADMIN,Reviewer initials,,Clinical,, 
65647-0,City Facility,City,Loc,Pt,Facility,Nom,,,,,,,ADMIN.FACILITY,City Facility,,Clinical,, 
65649-6,Country Facility,Country,Loc,Pt,Facility,Nom,,,,,,,ADMIN.FACILITY,Country Facility,,Clinical,, 
65650-4,Email address Facility,Email address,EmailAddr,Pt,Facility,Nom,,,,,,,ADMIN.FACILITY,Email address Facility,,Clinical,, 
65651-2,Phone number Facility,Phone number,Tele,Pt,Facility,Nom,,,,,,,ADMIN.FACILITY,Facility Phone #,,Clinical,Observation, 
65652-0,Testing facility name,Testing facility name,ID,Pt,Facility,Nom,,,,,,,ADMIN.FACILITY,Testing facility name,,Clinical,, 
65833-6,Facility Address,Address,Addr,Pt,Facility,Nom,,,,,,,SURVEY.ESRD,,,Survey,Order, 
65840-1,Principal result interpreter phone number,Principal result interpreter phone number,Tele,Pt,Form,Nom,,,,,,,SURVEY.ESRD,,,Survey,, 
65884-9,Photographer ID,Photographer ID,ID,Pt,^Patient,Nom,,,,,,,ADMIN.ID,Photographer ID,,Clinical,, 
66276-7,Day name [PhenX],Day name,Type,Pt,^Patient,Nom,PhenX,,,,,,PHENX,Day name PhenX,,Clinical,, 
66280-9,School Name,Name,ID,Pt,School,Nom,,,,,,,ADMIN.FACILITY,School Name,,Clinical,, 
66302-1,Participant [Identifier],Participant ID,ID,Pt,^Patient,Nom,,,,,,,ADMIN.PATIENT.ID,Participant ID,,Clinical,, 
66506-7,Image name Hand [PhenX],Image name,ID,Pt,Hand,Nom,PhenX,,,,,,PHENX,Image name Hand PhenX,,Clinical,, 
66509-1,Image name Knee [PhenX],Image name,ID,Pt,Knee,Nom,PhenX,,,,,,PHENX,Image name Knee PhenX,,Clinical,, 
66512-5,Image name Hip [PhenX],Image name,ID,Pt,Hip,Nom,PhenX,,,,,,PHENX,Image name Hip PhenX,,Clinical,, 
66566-1,Image name Femur [PhenX],Image name,ID,Pt,Femur,Nom,PhenX,,,,,,PHENX,Image name Femur PhenX,,Clinical,, 
66567-9,Image name Spine [PhenX],Image name,ID,Pt,Spine,Nom,PhenX,,,,,,PHENX,Image name Spine PhenX,,Clinical,, 
67101-6,Dermatologist name Provider,Dermatologist name,Pn,Pt,Provider,Nom,,,,,,,PHENX,Dermatologist name Provider,,Clinical,, 
67153-7,Abstractor [Identifier],Abstractor ID,ID,Pt,^Observer,Nom,,,,,,,ADMIN.ID,Abstractor ID,,Clinical,, 
67154-5,Nosologist [Identifier],Nosologist ID,ID,Pt,^Observer,Nom,,,,,,,ADMIN.ID,Nosologist ID,,Clinical,, 
67288-1,Race or ethnicity [The Position Generator],Race or ethnicity,Type,Pt,^Patient,Nom,The Position Generator,,,,,,ADMIN.PATIENT.DEMOG,Race or ethnicity Pos Gen,,Clinical,, 
67414-3,Region of origin [PhenX],Region of origin,Find,Pt,^Patient,Nom,PhenX,,,,,,ADMIN.PATIENT.DEMOG,Region of origin PhenX,,Clinical,, 
67714-6,Diagnosing provider phone number,Diagnosing provider phone number,Tele,Pt,Provider,Nom,,,,,,,CLIN,Diagnosing provider phone #,,Clinical,Observation, 
67878-9,Facility name Dialysis facility,Facility name,ID,Pt,Dialysis facility,Nom,,,,,,,SURVEY.ESRD,,,Survey,, 
67884-7,Tribal enrollment,Tribal enrollment,Type,Pt,^Patient,Nom,,,,,,,ADMIN.DEMOG,Tribal enrollment,,Clinical,, 
68335-9,Self-dialysis training facility name Dialysis facility,Self-dialysis training facility name,ID,Pt,Dialysis facility,Nom,,,,,,,SURVEY.ESRD,,,Survey,, 
68340-9,Attending physician phone number Provider,Attending physician phone number,Tele,Pt,Provider,Nom,,,,,,,SURVEY.ESRD,,,Survey,, 
68491-0,Self-dialysis training physician name Provider,Self-dialysis training physician name,Pn,Pt,Provider,Nom,,,,,,,SURVEY.ESRD,,,Survey,, 
69417-4,CMS certification number (CCN) for Facility,CMS certification number,ID,Pt,Facility,Nom,,,,,,,ADMIN.FACILITY,CMS certification # Facility,,Clinical,Observation, 
69434-9,Location of death name Facility,Location of death name,ID,Pt,Facility,Nom,,,,,,,SURVEY.CDC,,,Survey,, 
69435-6,Street address where death occurred if not facility,Street address where death occurred if not facility,Addr,Pt,Facility,Nom,,,,,,,SURVEY.CDC,,,Survey,, 
69854-8,"Hispanic, latino-a, or spanish origin","Hispanic, latino-a, or spanish origin",Find,Pt,^Patient,Nom,,,,,,,ADMIN.PATIENT.DEMOG,"Hispanic, latino-a, or spanish",,Clinical,, 
71509-4,Phone number extension Dialysis facility [ESRD],Phone number extension,Tele,Pt,Dialysis facility,Nom,ESRD,,,,,,SURVEY.ESRD,,,Survey,Observation, 
71530-0,Business name Dialysis facility [ESRD],Business name,ID,Pt,Dialysis facility,Nom,ESRD,,,,,,SURVEY.ESRD,,,Survey,Observation, 
71534-2,Phone number Dialysis facility [ESRD],Phone number,Tele,Pt,Dialysis facility,Nom,ESRD,,,,,,SURVEY.ESRD,,,Survey,Observation, 
71591-2,Personnel Job title,Job title,Type,Pt,Personnel,Nom,,,,,,,ADMIN,Personnel Job title,,Clinical,Observation, 
71720-7,Personnel Address,Address,Addr,Pt,Personnel,Nom,,,,,,,ADMIN,Personnel Address,,Clinical,Observation, 
71723-1,Personnel Cell phone number,Cell phone number,Tele,Pt,Personnel,Nom,,,,,,,ADMIN,Personnel Cell phone #,,Clinical,Observation, 
71724-9,Personnel Home phone number,Home phone number,Tele,Pt,Personnel,Nom,,,,,,,ADMIN,Personnel Home phone #,,Clinical,Observation, 
71725-6,Personnel Business phone number extension,Business phone number extension,Tele,Pt,Personnel,Nom,,,,,,,ADMIN,Personnel Business phone # ext,,Clinical,Observation, 
71726-4,Personnel Business phone number,Business phone number,Tele,Pt,Personnel,Nom,,,,,,,ADMIN,Personnel Business phone #,,Clinical,Observation, 
71727-2,Personnel Fax number,Fax number,Tele,Pt,Personnel,Nom,,,,,,,ADMIN,Personnel Fax #,,Clinical,Observation, 
71728-0,Personnel Email address,Email address,EmailAddr,Pt,Personnel,Nom,,,,,,,ADMIN,Personnel Email address,,Clinical,Observation, 
71729-8,Personnel Nine-digit postal code,Nine-digit postal code,Loc,Pt,Personnel,Nom,,,,,,,ADMIN,Personnel 9-digit postal code,,Clinical,Observation, 
71730-6,Personnel Five-digit postal code,Five-digit postal code,Loc,Pt,Personnel,Nom,,,,,,,ADMIN,Personnel 5-digit postal code,,Clinical,Observation, 
71731-4,Personnel State,State,Addr,Pt,Personnel,Nom,,,,,,,ADMIN,Personnel State,,Clinical,Observation, 
71732-2,Personnel City,City,Addr,Pt,Personnel,Nom,,,,,,,ADMIN,Personnel City,,Clinical,Observation, 
71733-0,Personnel Address 2,Address 2,Addr,Pt,Personnel,Nom,,,,,,,ADMIN,Personnel Address 2,,Clinical,Observation, 
71734-8,Personnel Preferred mailing address,Preferred mailing address,Addr,Pt,Personnel,Nom,,,,,,,ADMIN,Personnel Preferred mailing addr,,Clinical,Observation, 
71735-5,Personnel Credentials,Credentials,Type,Pt,Personnel,Nom,,,,,,,ADMIN,Personnel Credentials,,Clinical,Observation, 
71736-3,Personnel Name prefix,Name prefix,Pn,Pt,Personnel,Nom,,,,,,,ADMIN,Personnel Name prefix,,Clinical,Observation, 
71737-1,Personnel Name suffix,Name suffix,Pn,Pt,Personnel,Nom,,,,,,,ADMIN,Personnel Name suffix,,Clinical,Observation, 
71738-9,Personnel Middle initial,Middle initial,Pn,Pt,Personnel,Nom,,,,,,,ADMIN,Personnel Middle initial,,Clinical,Observation, 
71739-7,Personnel First (Given) name,First name,Pn,Pt,Personnel,Nom,,,,,,,ADMIN,Personnel First name,,Clinical,Observation, 
71740-5,Personnel Last (Family) name,Last name,Pn,Pt,Personnel,Nom,,,,,,,ADMIN,Personnel Last name,,Clinical,Observation, 
71749-6,Personnel unique identifier,Personnel unique identifier,ID,Pt,Personnel,Nom,,,,,,,ADMIN.ID,Personnel unique ID,,Clinical,Observation, 
71750-4,Primary contact phone number extension Facility,Primary contact phone number extension,Tele,Pt,Facility,Nom,,,,,,,SURVEY.ESRD,,,Survey,Observation, 
71751-2,Primary contact phone number Facility,Primary contact phone number,Tele,Pt,Facility,Nom,,,,,,,SURVEY.ESRD,,,Survey,Observation, 
71766-0,Primary contact email Facility,Primary contact email,EmailAddr,Pt,Facility,Nom,,,,,,,SURVEY.ESRD,,,Survey,Observation, 
72486-4,Laboratory director name in Provider,Laboratory director name,Pn,Pt,Provider,Nom,,,,,,,MISC,Lab director name Provider,Laboratory director name Nom (Provider),Lab,Observation, 
74024-1,Family member identifier,Family member identifier,ID,Pt,^Family member,Nom,,,,,,,ADMIN.ID,Family member ID,,Clinical,Observation, 
74025-8,Mother identifier,Mother identifier,ID,Pt,^Mother,Nom,,,,,,,ADMIN.ID,Mother ID,,Clinical,Observation, 
74026-6,Father identifier,Father identifier,ID,Pt,^Father,Nom,,,,,,,ADMIN.ID,Father ID,,Clinical,Observation, 
74221-3,Referring physician address,Referring physician address,Addr,Pt,Provider,Nom,,,,,,,ADMIN,Refer physician addr,,Clinical,Observation, 
74287-4,Occupation [NTDS],Occupation,Type,Pt,^Patient,Nom,NTDS,,,,,,ADMIN.PATIENT.DEMOG,Occupation [NTDS],,Clinical,Observation, 
74288-2,Occupation industry [NTDS],Occupation industry,Type,Pt,^Patient,Nom,NTDS,,,,,,ADMIN.PATIENT.DEMOG,Occupation industry [NTDS],,Clinical,Observation, 
74547-1,Reporter email,Reporter email,EmailAddr,Pt,^Event,Nom,,,,,,,SURVEY.AHRQ,,,Survey,Observation, 
74548-9,Reporter phone number,Reporter phone number,Tele,Pt,^Event,Nom,,,,,,,SURVEY.AHRQ,,,Survey,Observation, 
75549-6,Performing laboratory phone number,Performing laboratory phone number,Tele,Pt,Facility,Nom,,,,,3000,3000,ADMIN.FACILITY,Performing lab phone #,Performing laboratory phone Nom (Facility),Clinical,Observation, 
75783-1,Primary healthcare agent [Reported],Primary healthcare agent,Pn,Pt,^Patient,Nom,Reported,,,,,,ADMIN,Primary HC agent,,Clinical,Observation, 
75784-9,First alternate healthcare agent [Reported],First alternate healthcare agent,Pn,Pt,^Patient,Nom,Reported,,,,,,ADMIN,First Alt HC agent,,Clinical,Observation, 
75785-6,Second alternate healthcare agent [Reported],Second alternate healthcare agent,Pn,Pt,^Patient,Nom,Reported,,,,,,ADMIN,Second Alt HC agent,,Clinical,Observation, 
76417-5,Provider First name,First Name,Pn,Pt,Provider,Nom,,,,,,,ADMIN,Provider First name,,Clinical,Observation, 
76418-3,Provider Middle Initial,Middle Initial,Pn,Pt,Provider,Nom,,,,,,,ADMIN,Provider MI,,Clinical,Observation, 
76419-1,Provider Last name,Last name,Pn,Pt,Provider,Nom,,,,,,,ADMIN,Provider Last name,,Clinical,Observation, 
76420-9,Provider Graduation year,Graduation year,Date,Pt,Provider,Qn,,{yyyy},YYYY,,,,ADMIN,Provider Grad year,,Clinical,Observation, 
76428-2,Visit charge in dollars,Visit charge,Num,Pt,^Patient,Qn,,{#},#,,,,ADMIN.PATIENT,Visit charge,,Clinical,Observation, 
76430-8,CPT units [#],CPT units,Num,Pt,^Patient,Qn,,{#},#,,,,ADMIN.PATIENT,CPT units,,Clinical,Observation, 
76432-4,Episode of care unique identifier,Episode of care unique identifier,ID,Pt,^Patient,Nom,,,,,,,ADMIN.ID,Episode of care unique ID,,Clinical,Observation, 
76435-7,Patient identifier,Identifier,ID,Pt,^Patient,Nom,,,,,,,ADMIN.PATIENT.ID,Pt ID,,Clinical,Observation, 
76437-3,Primary insurance,Primary insurance,Type,Pt,^Patient,Nom,,,,,,,ADMIN.PATIENT.DEMOG,Primary insurance,,Clinical,Observation, 
76438-1,Secondary insurance,Secondary insurance,Type,Pt,^Patient,Nom,,,,,,,ADMIN.PATIENT.DEMOG,Secondary insurance,,Clinical,Observation, 
76458-9,Patient Email address,Email address,EmailAddr,Pt,^Patient,Nom,,,,,,,ADMIN.PATIENT,Patient Email address,,Clinical,Observation, 
76468-8,Organization NPI,National provider ID,ID,Pt,Organization,Nom,,,,,,,ADMIN.ID,Organization NPI,,Clinical,Both, 
76469-6,Organization name,Name,ID,Pt,Organization,Nom,,,,,,,ADMIN,Organization Name,,Clinical,Both, 
76470-4,Organization federal tax ID,Federal employer tax ID,ID,Pt,Organization,Nom,,,,,,,ADMIN.ID,Federal employer tax ID Organization,,Clinical,Both, 
76471-2,Organization episode of care unique identifier,Organization episode of care unique identifier,ID,Pt,^Patient,Nom,,,,,,,ADMIN.ID,Organization EOC unique ID,,Clinical,Observation, 
76516-4,Gestational age--at birth,Gestational age^at birth,Time,Pt,^Patient,Qn,,wk,wk,,,,ADMIN.PATIENT.DEMOG,GA--@ birth,,Clinical,Both, 
76689-9,Sex assigned at birth,Sex assigned^at birth,Type,Pt,^Patient,Nom,,,,,,,ADMIN.PATIENT.DEMOG,Sex assigned at birth,,Clinical,Both, 
76695-6,Organization ZIP code,Postal code,Loc,Pt,Organization,Nom,,,,,,,ADMIN,Organization ZIP code,,Clinical,Observation, 
76696-4,Name [Identifier] Facility,Name,ID,Pt,Facility,Nom,,,,,,,ADMIN.FACILITY,Name Facility,,Clinical,Observation, 
76698-0,Patient identifier assigning authority,Identifier assigning authority,ID,Pt,^Patient,Nom,,,,,,,ADMIN.PATIENT.ID,Pt ID assign auth,,Clinical,Both, 
77981-9,Case outbreak name,Case outbreak name,ID,Pt,^Event,Nom,,,,,,,SURVEY.CDC,,,Survey,Observation, 
77983-5,Country of usual residence [Location],Country of usual residence,Loc,Pt,^Patient,Nom,,,,,,,ADMIN.PATIENT.DEMOG,Country of usual residence,,Clinical,Observation, 
78746-5,Country of birth [Location],Country of birth,Loc,Pt,^Patient,Nom,,,,,,,ADMIN.PATIENT.DEMOG,Country of birth,,Clinical,Both, 
78977-6,Cardiologist name Provider,Cardiologist name,Pn,Pt,Provider,Nom,,,,,,,CLIN,Card name Provider,,Clinical,Observation, 
79183-0,First name of Guardian or legally authorized representative,First name,Pn,Pt,^Guardian or legally authorized representative,Nom,,,,,,,MISC,First name Guardian,First (Given) name Nom (Guardian or legally authorized representative),Lab,Observation, 
79184-8,Last name of Guardian or legally authorized representative,Last name,Pn,Pt,^Guardian or legally authorized representative,Nom,,,,,,,MISC,Last name Guardian,Last (Family) name Nom (Guardian or legally authorized representative),Lab,Observation, 
80393-2,Emergency management incident name,Emergency management incident name,ID,Pt,^Event,Nom,,,,,,,ED,EM incident name,,Clinical,Both, 
80427-8,Employer name [Identifier],Employer name,ID,Pt,^Patient,Nom,,,,,,,H&P.HX,Employer name,,Clinical,Observation, 
80429-4,Employer address,Employer address,Addr,Pt,^Patient,Nom,,,,,,,ADMIN.PATIENT,Employer address,,Clinical,Both, 
80430-2,Past employer address,Past employer address,Addr,Pt,^Patient,Nom,,,,,,,ADMIN.PATIENT,Past employer addr,,Clinical,Observation, 
80431-0,Employer city,Employer city,Loc,Pt,^Patient,Nom,,,,,,,ADMIN.PATIENT,Employer city,,Clinical,Observation, 
80432-8,Past employer city,Past employer city,Loc,Pt,^Patient,Nom,,,,,,,ADMIN.PATIENT,Past employer city,,Clinical,Observation, 
80433-6,Employer state,Employer state,Loc,Pt,^Patient,Nom,,,,,,,ADMIN.PATIENT,Employer state,,Clinical,Observation, 
80434-4,Past employer state,Past employer state,Loc,Pt,^Patient,Nom,,,,,,,ADMIN.PATIENT,Past employer state,,Clinical,Both, 
80435-1,Employer postal code [Location],Employer postal code,Loc,Pt,^Patient,Nom,,,,,,,ADMIN.PATIENT,Employer postal code,,Clinical,Observation, 
80436-9,Past employer postal code [Location],Past employer postal code,Loc,Pt,^Patient,Nom,,,,,,,ADMIN.PATIENT,Past employer postal code,,Clinical,Observation, 
80437-7,Employer country [Location],Employer country,Loc,Pt,^Patient,Nom,,,,,,,ADMIN.PATIENT,Employer country,,Clinical,Observation, 
80438-5,Past employer country [Location],Past employer country,Loc,Pt,^Patient,Nom,,,,,,,ADMIN.PATIENT,Past employer country,,Clinical,Observation, 
80909-5,Father's last name,Father's last name,Pn,Pt,^Father,Nom,,,,,,,SURVEY.CDC,,,Survey,Observation, 
81230-5,Referring physician phone number,Referring physician phone number,Tele,Pt,Provider,Nom,,,,,,,CLIN,Referring MD Phone #,,Clinical,Observation, 
81369-1,First witness,First witness,Pn,Pt,^Witness,Nom,,,,,,,ADMIN,First witness,,Clinical,Observation, 
81370-9,Second witness,Second witness,Pn,Pt,^Witness,Nom,,,,,,,ADMIN,Second witness,,Clinical,Observation, 
81371-7,Third witness,Third witness,Pn,Pt,^Witness,Nom,,,,,,,ADMIN,Third witness,,Clinical,Observation, 
81372-5,Notary,Notary,Pn,Pt,^Witness,Nom,,,,,,,ADMIN,Notary,,Clinical,Observation, 
81373-3,Notary commission expiration date,Notary commission expiration date,Date,Pt,^Witness,Nom,,,,,,,ADMIN,Notary commission expiration date,,Clinical,Observation, 
81374-1,Notary seal ID,Notary seal ID,ID,Pt,^Witness,Nom,,,,,,,ADMIN.ID,Notary seal ID,,Clinical,Observation, 
81886-4,Sex of Provider,Sex,Type,Pt,Provider,Nom,,,,,,,ADMIN.DEMOG,Sex of Provider,,Clinical,Observation, 
81887-2,Provider race OMB.1997,Race,Type,Pt,Provider,Nom,OMB.1997,,,,,,ADMIN.DEMOG,Provider race OMB.1997,,Clinical,Observation, 
81888-0,Provider ethnicity OMB.1997,Ethnicity,Type,Pt,Provider,Nom,OMB.1997,,,,,,ADMIN.DEMOG,Provider ethnicity OMB.1997,,Clinical,Observation, 
81889-8,Physical therapy provider entry-level degree,Physical therapy entry-level degree,Type,Pt,Provider,Nom,,,,,,,ADMIN.DEMOG,PT Prov entry-level degree,,Clinical,Observation, 
81890-6,Physical therapy provider post-professional degree,Physical therapy highest level of education,Type,Pt,Provider,Nom,,,,,,,ADMIN.DEMOG,PT Prov highest educ,,Clinical,Observation, 
81954-0,Date of death [Date],Date of death,Date,Pt,^Patient,Qn,,{mm/dd/yyyy},MMDDYY,,,,ADMIN.PATIENT,Date of death,,Clinical,Observation, 
81956-5,Date and time of death [TimeStamp],Date and time of death,TmStp,Pt,^Patient,Qn,,{tmstp},TmStp,,,,ADMIN.PATIENT,Date+time of death,,Clinical,Observation, 
82157-9,Birth date Provider,Birth date,Date,Pt,Provider,Qn,,{mm/dd/yyyy},MMDDYY,,,,ADMIN,Birth Date Provider,,Clinical,Observation, 
82158-7,Graduation state Provider,Graduation state,Loc,Pt,Provider,Nom,,,,,,,ADMIN.DEMOG,Grad state Provider,,Clinical,Observation, 
82589-3,Highest level of education,Highest level of education,Hx,Pt,^Patient,Ord,,,,,,,ADMIN.PATIENT.DEMOG,Highest level of educ,,Clinical,Observation, 
82590-1,Years of education [#] - Reported,Y of education,Num,Pt,^Patient,Qn,Reported,a,years,,,,ADMIN.PATIENT.DEMOG,Y of education Reported,,Clinical,Observation, 
82607-3,Clinical data [Date and Time Range],Clinical data,TmStpRange,Pt,^Patient,Qn,,{tmstp_range},{tmstp_range},,,,ADMIN,Clinical data TmStpRange,,Clinical,Both, 
85078-4,Occupation industry [Type],Occupation industry,Type,Pt,^Patient,Nom,,,,,,,ADMIN.PATIENT.DEMOG,Occupation industry Type,,Clinical,Both, 
85104-8,Compensation and sector employment type,Employment type.compensation and sector,Type,Pt,^Patient,Nom,,,,,,,ADMIN.PATIENT.DEMOG,Employment type.comp+sector,,Clinical,Observation, 
85431-5,Marital status of Contact,Marital status,Type,Pt,^Contact,Nom,,,,,,,ADMIN,Marital status Contact,,Clinical,Observation, 
85432-3,Contact Relationship to patient,Relationship to patient,Type,Pt,^Contact,Nom,,,,,,,ADMIN,Relationship to pt Contact,,Clinical,Observation, 
85657-5,Occupation industry CDC Census code,Occupation industry CDC Census code,Type,Pt,^Patient,Nom,,,,,,,ADMIN.PATIENT.DEMOG,Industry CDC Census code,,Clinical,Both, 
85658-3,Occupation [Type],Occupation,Type,Pt,^Patient,Nom,,,,,,,ADMIN.PATIENT.DEMOG,Occupation Type,,Clinical,Both, 
85659-1,Occupation CDC Census code,Occupation CDC Census code,Type,Pt,^Patient,Nom,,,,,,,ADMIN.PATIENT.DEMOG,Occup CDC Census code,,Clinical,Both, 
86637-6,Provider role,Provider role,Type,Pt,Provider,Nom,,,,,,,ADMIN,Provider role,,Clinical,Observation, 
86639-2,Household size [#],Household size,Num,Pt,^Patient,Qn,,{#},#,,,,ADMIN.PATIENT.DEMOG,Household size,,Clinical,Observation, 
87219-2,Attesting individual first name Provider [CMS Assessment],Attesting individual first name,Pn,Pt,Provider,Nom,CMS Assessment,,,,,,SURVEY.CMS,,,Survey,Observation, 
87220-0,Attesting individual last name Provider [CMS Assessment],Attesting individual last name,Pn,Pt,Provider,Nom,CMS Assessment,,,,,,SURVEY.CMS,,,Survey,Observation, 
87226-7,Legal name of patient - first and last,Legal name of patient - first and last,-,Pt,^Patient,-,,,,,,,PANEL.ADMIN,First and last name,,Clinical,Order, 
87286-1,Birth attendant [Extended Identifier],Birth attendant,ExtendedID,Pt,Provider,Nom,,,,,,,ADMIN,Birth attendant Ext ID Provider,,Clinical,Both, 
87287-9,Birth certifier [Extended Identifier],Birth certifier,ExtendedID,Pt,Provider,Nom,,,,,,,ADMIN,Birth certifier Ext ID Provider,,Clinical,Both, 
87288-7,Date of birth certification,Date of birth certification,Date,Pt,^Patient,Qn,,{mm/dd/yyyy},MMDDYY,,,,ADMIN.PATIENT,Date birth certified,,Clinical,Observation, 
87289-5,Date of fetal death registration,Date of fetal death registration,Date,Pt,^Fetus,Qn,,{mm/dd/yyyy},MMDDYY,,,,ADMIN,Fetal death registration date,,Clinical,Observation, 
87293-7,Relationship to patient's mother,Relationship to patient's mother,Type,Pt,^Contact,Nom,,,,,,,ADMIN,Relation to patient's mother,,Clinical,Observation, 
87520-3,Coverage type,Coverage type,Type,Pt,^Patient,Nom,,,,,,,ADMIN.PATIENT,Coverage type,,Clinical,Both, 
87720-9,Provider Postal code,Postal code,Loc,Pt,Provider,Nom,,,,,,,ADMIN,Provider Postal code,,Clinical,Both, 
87721-7,County of residence [Location],County of residence,Loc,Pt,^Patient,Nom,,,,,,,ADMIN.PATIENT.DEMOG,County of residence,,Clinical,Both, 
88080-7,Multiple birth set identifier,Multiple birth set identifier,ID,Pt,^Patient,Nom,,,,,,,ADMIN.PATIENT,Multiple birth set ID,,Clinical,Both, 
88081-5,Title of person completing the form Provider,Person completing form title,Type,Pt,Provider,Nom,,,,,,,ADMIN,Person completing form title Provider,,Clinical,Observation, 
88088-0,EMS transport destination name [Identifier] of Facility,EMS transport destination name,ID,Pt,Facility,Nom,,,,,,,H&P.HX,EMS destination name Facility,,Clinical,Observation, 
88090-6,Physician specialty,Physician specialty,Type,Pt,Provider,Nom,,,,,,,ADMIN,MD specialty,,Clinical,Observation, 
89010-3,EMS physician name,EMS physician name,Pn,Pt,Provider,Nom,,,,,,,TRAUMA,EMS MD name,,Clinical,Observation, 
89011-1,EMS assistant name,EMS assistant name,Pn,Pt,Provider,Nom,,,,,,,TRAUMA,EMS assistant name,,Clinical,Observation, 
89057-4,Permission to receive text messages,Permission to receive text messages,Find,Pt,^Patient,Ord,,,,,,,ADMIN.PATIENT,Permission text messages,,Clinical,Observation, 
89058-2,Contact email address,Email address,EmailAddr,Pt,^Contact,Nom,,,,,,,ADMIN,Contact email address,,Clinical,Observation, 
89059-0,Secondary contact name,Secondary contact name,Pn,Pt,^Contact,Nom,,,,,,,ADMIN,Secondary contact name,,Clinical,Observation, 
89060-8,Contact Phone number,Phone number,Tele,Pt,^Contact,Nom,,,,,,,ADMIN,Contact Phone #,,Clinical,Observation, 
89061-6,Insurance group number [Identifier],Insurance group number,ID,Pt,^Patient,Nom,,,,,,,ADMIN.PATIENT.ID,Ins group num,,Clinical,Observation, 
89088-9,WIC services recipient,WIC services recipient,Find,Pt,^Patient,Ord,,,,,,,ADMIN.PATIENT,WIC recipient,,Clinical,Observation, 
89089-7,Immigration status,Immigration status,Find,Pt,^Patient,Nom,,,,,,,ADMIN.PATIENT.DEMOG,Immigration status,,Clinical,Observation, 
89175-4,Billing information panel,Billing information panel,-,Pt,^Patient,-,,,,,,,PANEL.ADMIN,Billing info pnl,,Clinical,Subset, 
89178-8,Patient's Financial responsibility amount [#],Financial responsibility amount,Num,Pt,^Patient,Qn,,{#},#,,,,ADMIN.PATIENT,Financial responsibility,,Clinical,Observation, 
89202-6,County location of Facility,County,Loc,Pt,Facility,Nom,,,,,,,ADMIN.FACILITY,Facility county,,Clinical,Observation, 
89265-3,"Procedures, Services, or Supplies modifier","Procedures, Services, or Supplies modifier",Type,Pt,^Patient,Nom,,,,,,,ADMIN,Proc+Serv+Supp mod,,Clinical,Observation, 
89266-1,"Procedures, Services, or Supplies code","Procedures, Services, or Supplies code",Type,Pt,^Patient,Nom,,,,,,,ADMIN,Proc+Serv+Supp code,,Clinical,Observation, 
89550-8,Middle name Provider,Middle name,Pn,Pt,Provider,Nom,,,,,,,ADMIN,Middle name Provider,,Clinical,Observation, 
89911-2,Emergency management plan name,Emergency management plan name,ID,Pt,^Event,Nom,,,,,,,SURVEY.CDC,,,Survey,Observation, 
89918-7,Emergency management plan approver name,Emergency management plan approver name,ID,Pt,^Event,Nom,,,,,,,SURVEY.CDC,,,Survey,Observation, 
90052-2,Organization Address,Address,Addr,Pt,Organization,Nom,,,,,,,ADMIN,Organization Address,,Clinical,Observation, 
90053-0,Organization Phone number,Phone number,Tele,Pt,Organization,Nom,,,,,,,ADMIN,Organization Phone #,,Clinical,Observation, 
90054-8,Organization Email address,Email address,EmailAddr,Pt,Organization,Nom,,,,,,,ADMIN,Organization Email address,,Clinical,Observation, 
90055-5,Organization information panel,Organization contact information panel,-,Pt,Organization,-,,,,,,,PANEL.ADMIN,Organization info pnl,,Clinical,Both, 
90057-1,Name of Contact at Organization,Contact name,Pn,Pt,Organization,Nom,,,,,,,ADMIN,Organization Contact name,,Clinical,Observation, 
90058-9,Person responsible for generating report,Person responsible for generating report,Pn,Pt,Personnel,Nom,,,,,,,ADMIN,Personnel Person generating report,,Clinical,Observation, 
90059-7,Task description Narrative,Task description,Find,Pt,^Event,Nar,,,,,,,ADMIN,Task description,,Clinical,Observation, 
90060-5,Date task due,Date task due,Date,Pt,^Event,Qn,,{mm/dd/yyyy},MMDDYY,,,,ADMIN,Date task due,,Clinical,Observation, 
90063-9,Date and time task assigned,Date and time task assigned,TmStp,Pt,^Event,Qn,,{tmstp},TmStp,,,,ADMIN,D/T task assigned,,Clinical,Observation, 
90093-6,Personnel name,Name,Pn,Pt,Personnel,Nom,,,,,,,ADMIN,Personnel name,,Clinical,Observation, 
90097-7,Email address of person responsible for generating report,Person responsible for generating report,EmailAddr,Pt,Personnel,Nom,,,,,,,ADMIN,Email addr of person generating rprt,,Clinical,Observation, 
90108-2,Incident commander name,Incident commander name,Pn,Pt,Personnel,Nom,,,,,,,ADMIN,Incident commander name,,Clinical,Observation, 
90109-0,Incident commander qualification,Incident commander qualification,Type,Pt,Personnel,Nom,,,,,,,ADMIN,Incident commander qual,,Clinical,Observation, 
90110-8,Incident commander phone number,Incident commander phone number,Tele,Pt,Personnel,Nom,,,,,,,ADMIN,Incident commander phone #,,Clinical,Observation, 
90111-6,Incident commander email address,Incident commander email address,EmailAddr,Pt,Personnel,Nom,,,,,,,ADMIN,Incident commander email,,Clinical,Observation, 
90113-2,Chief of staff name,Chief of staff name,Pn,Pt,Personnel,Nom,,,,,,,ADMIN,Chief of staff name,,Clinical,Observation, 
90114-0,Chief of staff phone number,Chief of staff phone number,Tele,Pt,Personnel,Nom,,,,,,,ADMIN,Chief of staff phone #,,Clinical,Observation, 
90115-7,Chief of staff email address,Chief of staff email address,EmailAddr,Pt,Personnel,Nom,,,,,,,ADMIN,Chief of staff email,,Clinical,Observation, 
90118-1,Date and time of scheduled task,Date and time of scheduled task,TmStp,Pt,^Event,Qn,,{mm/dd/yyyy},MMDDYY,,,,ADMIN,Date and time of scheduled task,,Clinical,Observation, 
90119-9,Location of task,Location of task,Loc,Pt,^Event,Nom,,,,,,,ADMIN,Location of task,,Clinical,Observation, 
90123-1,Response team leader name,Response team leader name,Pn,Pt,Personnel,Nom,,,,,,,ADMIN,Response team leader name,,Clinical,Observation, 
90124-9,Response team leader title,Response team leader title,Type,Pt,Personnel,Nom,,,,,,,ADMIN,Response team leader title,,Clinical,Observation, 
90125-6,Response team member name,Response team member name,Pn,Pt,Personnel,Nom,,,,,,,ADMIN,Response team member name,,Clinical,Observation, 
90126-4,Response team member title,Response team member title,Type,Pt,Personnel,Nom,,,,,,,ADMIN,Response team member title,,Clinical,Observation, 
90852-5,Patient Fax number,Fax number,Tele,Pt,^Patient,Nom,,,,,,,ADMIN.PATIENT,Patient Fax #,,Clinical,Observation, 
90895-4,Task identifier,Task identifier,ID,Pt,^Event,Nom,,,,,,,ADMIN.ID,Task ID,,Clinical,Observation, 
90896-2,Personnel Person assigned to task,Person assigned to task,Pn,Pt,Personnel,Nom,,,,,,,ADMIN,Personnel Person assigned to task,,Clinical,Observation, 
90897-0,Percent of task completed,Percent of task completed,NFr,Pt,^Event,Qn,,%,%,,,,ADMIN,Percent of task completed NFr,,Clinical,Observation, 
90946-5,Date of laboratory phone call to provider to communicate test result,Date of laboratory phone call to provider to communicate test result,Date,Pt,^Patient,Qn,,{mm/dd/yyyy},MMDDYY,,,,ADMIN.PATIENT,Lab to provid teleph call date,,Clinical,Both, 
91002-6,Personnel Job position,Job position,Type,Pt,Personnel,Nom,,,,,,,ADMIN,Personnel Job position,,Clinical,Observation, 
91003-4,Personnel contact information panel,Personnel contact information panel,-,Pt,Personnel,-,,,,,,,PANEL.ADMIN,Personnel contact info Pnl,,Clinical,Both, 
91005-9,Organization assigned to task,Organization assigned to task,ID,Pt,Organization,Nom,,,,,,,ADMIN,Org assigned to task,,Clinical,Observation, 
91025-7,Lead department or agency name Organization,Lead department or agency name,ID,Pt,Organization,Nom,,,,,,,SURVEY.CDC,,,Survey,Observation, 
91098-4,Countermeasure name,Countermeasure name,ID,Pt,^Event,Nom,,,,,,,PUBLICHEALTH,Countermeasure name,,Clinical,Observation, 
91387-1,Has valid driver license,Has valid driver license,Find,Pt,^Patient,Ord,,,,,,,ADMIN.PATIENT,Has valid driver license,,Clinical,Observation, 
91562-9,Performing laboratory identifier Facility,Performing laboratory identifier,ID,Pt,Facility,Nom,,,,,,,ADMIN.FACILITY,Performing laboratory ID Facility,,Clinical,Observation, 
91570-2,Employment net income in past 30 days,Employment net income,NRat,30D,^Patient,Qn,,/mo,/mo,,,,ADMIN.PATIENT.DEMOG,Employment net income 30D nRate,,Clinical,Observation, 
91583-5,Date and time of public health emergency,Date and time of public health emergency,TmStp,Pt,^Event,Qn,,{tmstp},TmStp,,,,ADMIN,D/T public health emergency,,Clinical,Observation, 
91585-0,Reliability of information source,Reliability of information source,Find,Pt,^Event,Ord,,,,,,,ADMIN,Reliability of info source,,Clinical,Observation, 
91587-6,Accuracy of information from source,Accuracy of information from source,Find,Pt,^Event,Ord,,,,,,,ADMIN,Accuracy of info from source,,Clinical,Observation, 
91588-4,Latitude Event,Latitude,Angle,Pt,^Event,Qn,,deg,deg,,,,ADMIN,Latitude Event,,Clinical,Observation, 
91589-2,Longitude Event,Longitude,Angle,Pt,^Event,Qn,,deg,deg,,,,ADMIN,Longitude Event,,Clinical,Observation, 
91690-8,Testing services available at Facility,Testing services available,Type,Pt,Facility,Nom,,,,,,,ADMIN.FACILITY,Test services available Facility,,Clinical,Observation, 
91691-6,Personnel Age,Age,Time,Pt,Personnel,Qn,,a,years,,,,ADMIN.DEMOG,Personnel Age,,Clinical,Observation, 
91692-4,Sex of Personnel,Sex,Type,Pt,Personnel,Nom,,,,,,,ADMIN.DEMOG,Sex of Personnel,,Clinical,Observation, 
91693-2,Personnel specialty,Specialty,Type,Pt,Personnel,Nom,,,,,,,ADMIN,Personnel specialty,,Clinical,Observation, 
91694-0,Highest level of education of Personnel,Highest level of education,Type,Pt,Personnel,Ord,,,,,,,ADMIN,Personnel Highest level of educ,,Clinical,Observation, 
91695-7,Personnel Qualification,Qualification,Type,Pt,Personnel,Nom,,,,,,,ADMIN,Personnel Qualification,,Clinical,Observation, 
91696-5,Response team name,Response team name,ID,Pt,EMS response,Nom,,,,,,,ADMIN,Response team name,,Clinical,Observation, 
91697-3,Volunteer Name,Name,Pn,Pt,Volunteer,Nom,,,,,,,ADMIN,Volunteer Name,,Clinical,Observation, 
91698-1,Volunteer age,Age,Time,Pt,Volunteer,Qn,,a,years,,,,ADMIN.DEMOG,Volunteer age,,Clinical,Observation, 
91699-9,Sex of Volunteer,Sex,Type,Pt,Volunteer,Nom,,,,,,,ADMIN.DEMOG,Sex of Volunteer,,Clinical,Observation, 
91700-5,Specialty Volunteer,Specialty,Type,Pt,Volunteer,Nom,,,,,,,ADMIN,Specialty Volunteer,,Clinical,Observation, 
91702-1,Shelter name [Identifier] Facility,Shelter name,ID,Pt,Facility,Nom,,,,,,,ADMIN.FACILITY,Shelter name Facility,,Clinical,Observation, 
91703-9,Shelter address Facility,Shelter address,Addr,Pt,Facility,Nom,,,,,,,ADMIN.FACILITY,Shelter address Facility,,Clinical,Observation, 
91704-7,Primary contact information panel Facility,Primary contact information panel,-,Pt,Facility,-,,,,,,,PANEL.ADMIN,Primary contact info pnl Facility,,Clinical,Both, 
91714-6,Date of interview,Date of interview,Date,Pt,^Patient,Qn,,{mm/dd/yyyy},MMDDYY,,,,ADMIN,Interview date,,Clinical,Observation, 
91879-7,Reporter Information,Reporter information,-,Pt,^Event,-,,,,,,,PANEL.ADMIN,Reporter info,,Clinical,Both, 
91880-5,Date and time of risk assessment meeting,Date and time of risk assessment meeting,TmStp,Pt,^Event,Qn,,{tmstp},TmStp,,,,ADMIN,D/T risk assessment meeting,,Clinical,Observation, 
91881-3,Location of meeting,Location of meeting,Loc,Pt,^Event,Nom,,,,,,,ADMIN,Meeting location,,Clinical,Observation, 
91886-2,Document name [Identifier],Document name,ID,Pt,Document,Nom,,,,,,,DOC.ADMIN,Document name,,Clinical,Observation, 
91887-0,Agency type,Agency type,Type,Pt,Agency,Nom,,,,,,,ADMIN.FACILITY,Agency type,,Clinical,Observation, 
91888-8,Qualification Volunteer,Qualification,Type,Pt,Volunteer,Nom,,,,,,,ADMIN,Qualification Volunteer,,Clinical,Observation, 
91889-6,Volunteer contact information panel,Volunteer contact information panel,-,Pt,Volunteer,-,,,,,,,PANEL.ADMIN,Volunteer contact info Pnl,,Clinical,Both, 
91891-2,Facility Bed type,Bed type,Type,Pt,Facility,Nom,,,,,,,ADMIN.FACILITY,Facility Bed type,,Clinical,Observation, 
91892-0,Address Volunteer,Address,Addr,Pt,Volunteer,Nom,,,,,,,ADMIN,Address Volunteer,,Clinical,Observation, 
91893-8,Email address Volunteer,Email address,EmailAddr,Pt,Volunteer,Nom,,,,,,,ADMIN,Email address Volunteer,,Clinical,Observation, 
91894-6,Volunteer Phone number,Phone number,Tele,Pt,Volunteer,Nom,,,,,,,ADMIN,Volunteer Phone #,,Clinical,Observation, 
91904-3,Personnel Response team member qualification,Response team member qualification,Type,Pt,Personnel,Nom,,,,,,,ADMIN,Personnel Response team member qual,,Clinical,Observation, 
91905-0,Personnel Response team leader information panel,Response team leader information panel,-,Pt,Personnel,-,,,,,,,PANEL.ADMIN,Personnel Response team leader info Pnl,,Clinical,Both, 
91906-8,Personnel Response team leader qualification,Response team leader qualification,Type,Pt,Personnel,Nom,,,,,,,ADMIN,Personnel Response team leader qual,,Clinical,Observation, 
92009-0,Personnel Birth date,Birth date,Date,Pt,Personnel,Qn,,{mm/dd/yyyy},MMDDYY,,,,ADMIN,Personnel Birth Date,,Clinical,Observation, 
92026-4,Personnel Supervisor contact information panel,Supervisor contact information panel,-,Pt,Personnel,-,,,,,,,PANEL.ADMIN,Personnel Supervisor contact info Pnl,,Clinical,Both, 
92028-0,Personnel Supervisor name,Supervisor name,Pn,Pt,Personnel,Nom,,,,,,,ADMIN,Personnel Supervisor name,,Clinical,Observation, 
92029-8,Personnel Supervisor email address,Supervisor email address,EmailAddr,Pt,Personnel,Nom,,,,,,,ADMIN,Personnel Supervisor Email,,Clinical,Observation, 
92030-6,Personnel Supervisor address,Supervisor address,Addr,Pt,Personnel,Nom,,,,,,,ADMIN,Personnel Supervisor address,,Clinical,Observation, 
92031-4,Personnel Supervisor title,Supervisor title,Type,Pt,Personnel,Nom,,,,,,,ADMIN,Personnel Supervisor title,,Clinical,Observation, 
92032-2,Supervisor phone number,Supervisor phone number,Tele,Pt,Personnel,Nom,,,,,,,ADMIN,Supervisor phone #,,Clinical,Observation, 
92033-0,Purchase cost [#] Supply,Purchase cost,Num,Pt,Supply,Qn,,{USD},USD,,,,ADMIN,Purchase cost Supply,,Clinical,Observation, 
92035-5,Personnel Job experience,Job experience,Find,Pt,Personnel,Nom,,,,,,,ADMIN,Personnel Job experience,,Clinical,Observation, 
92045-4,Name of Donor,Name,Pn,Pt,^Donor,Nom,,,,,,,ADMIN,Donor name,,Clinical,Observation, 
92046-2,Donor contact information panel,Donor contact information panel,-,Pt,^Donor,-,,,,,,,PANEL.ADMIN,Donor contact info Pnl,,Clinical,Both, 
92047-0,Donated item by Donor,Donated item,Type,Pt,^Donor,Nom,,,,,,,ADMIN,Donated item,,Clinical,Observation, 
92048-8,Donated item [#] Donor,Donated item,Num,Pt,^Donor,Qn,,{#},#,,,,ADMIN,# of donated item,,Clinical,Observation, 
92191-6,Staff [#] Agency,Staff,Num,Pt,Agency,Qn,,{#},#,,,,ADMIN.FACILITY,Staff # Agency,,Clinical,Observation, 
92193-2,Bed type [#] Facility,Bed type,Num,Pt,Facility,Qn,,{#},#,,,,ADMIN.FACILITY,Bed type # Facility,,Clinical,Observation, 
92194-0,Bed category Facility,Bed category,Type,Pt,Facility,Nom,,,,,,,ADMIN.FACILITY,Bed category Facility,,Clinical,Observation, 
92195-7,Bed category [#] Facility,Bed category,Num,Pt,Facility,Qn,,{#},#,,,,ADMIN.FACILITY,Bed category # Facility,,Clinical,Observation, 
92196-5,Supply owner [Identifier] Supply,Supply owner,ID,Pt,Supply,Nom,,,,,,,ADMIN,Supply owner Supply,,Clinical,Observation, 
92197-3,Public health emergency budget [#] Reporting Period,Public health emergency budget,Num,RptPeriod,^Event,Qn,,{USD},USD,,,,ADMIN,PH emergency budget RptPeriod,,Clinical,Observation, 
92198-1,Public health emergency budget source,Public health emergency budget source,Type,Pt,^Event,Nom,,,,,,,ADMIN,PH emerg budget source,,Clinical,Observation, 
92199-9,Public health emergency budget breakdown details Reporting Period Document,Public health emergency budget breakdown details,Find,RptPeriod,^Event,Doc,,,,,,,ADMIN,PH emerg budget breakdown details Doc,,Clinical,Observation, 
92200-5,Public health emergency budget implementing unit name [Identifier],Public health emergency budget implementing unit name,ID,Pt,^Event,Nom,,,,,,,ADMIN,PH emerg budget implement unit,,Clinical,Observation, 
92201-3,Purchase activity Supply,Purchase activity,Type,Pt,Supply,Nom,,,,,,,ADMIN,Purchase activity Supply,,Clinical,Observation, 
92202-1,Recipient of supply [Identifier] Supply,Recipient of supply,ID,Pt,Supply,Nom,,,,,,,ADMIN,Recipient of supply Supply,,Clinical,Observation, 
92203-9,Bed category panel Facility,Bed category panel,-,Pt,Facility,-,,,,,,,PANEL.ADMIN,Bed category Pnl Facility,,Clinical,Both, 
92204-7,Bed type panel Facility,Bed type panel,-,Pt,Facility,-,,,,,,,PANEL.ADMIN,Bed type Pnl Facility,,Clinical,Both, 
92573-5,Resident of region that is endemic for the disease of interest,Resident of region that is endemic for the disease of interest,Find,Pt,^Patient,Ord,,,,,,,ADMIN.PATIENT,Res of region with endemic disease,,Clinical,Observation, 
92634-5,Address type,Address type,Type,Pt,^Patient,Nom,,,,,,,ADMIN.PATIENT,Addr type,,Clinical,Observation, 
93186-5,Preferred language and interpreter need,Preferred language & interpreter need,-,Pt,^Patient,-,,,,,,,PANEL.ADMIN,Preferred lang + interp need,,Clinical,Order, 
93449-7,Appointment of legal guardian,Appointment of legal guardian,Find,Pt,^Patient,Nom,,,,,,,ADMIN.PATIENT,Appt legal guardian,,Clinical,Observation, 
94130-2,Body disposition facility name [Identifier],Body disposition facility name,ID,Pt,Facility,Nom,,,,,,,ADMIN.FACILITY,Body disposition facility name,,Clinical,Observation, 
94131-0,Body disposition facility address,Body disposition facility address,Addr,Pt,Facility,Nom,,,,,,,ADMIN.FACILITY,Body disposition facility address,,Clinical,Observation, 
94132-8,Funeral facility name [Identifier],Funeral facility name,ID,Pt,Facility,Nom,,,,,,,ADMIN.FACILITY,Funeral facility name,,Clinical,Observation, 
94133-6,Funeral facility address,Funeral facility address,Addr,Pt,Facility,Nom,,,,,,,ADMIN.FACILITY,Funeral facility address,,Clinical,Observation, 
94134-4,Personnel Funeral service licensee or other agent assuming custody of the body of the deceased,Funeral service licensee or other agent assuming custody of the body of the deceased,Pn,Pt,Personnel,Nom,,,,,,,ADMIN.FACILITY,Personnel Funeral service licensee,,Clinical,Observation, 
94135-1,Funeral service licensee identifier Facility,Funeral service licensee identifier,ID,Pt,Facility,Nom,,,,,,,ADMIN.FACILITY,Funeral service licensee ID Facility,,Clinical,Observation, 
94545-1,Household contacts [#],Household contacts,Num,Pt,^Patient,Qn,,{#},#,,,,ADMIN,Household contacts,,Clinical,Observation, 
94649-1,Health department identifier,Health department,ID,Pt,Organization,Nom,,,,,,,ADMIN.FACILITY,Health dept ID,,Clinical,Observation, 
94650-9,Contact identifier Contact,Contact identifier,ID,Pt,^Contact,Nom,,,,,,,ADMIN.ID,Contact ID Contact,,Clinical,Observation, 
94655-8,Identifier and Assigning authority panel,Identifier & Assigning authority panel,-,Pt,^Patient,-,,,,,,,PANEL.ADMIN,ID & Authority panel,,Clinical,Both, 
94657-4,Contact case identifier,Case identifier,ID,Pt,^Contact,Nom,,,,,,,ADMIN,Case ID Contact,,Clinical,Observation, 
94659-0,Case identifier,Case identifier,ID,Pt,^Patient,Nom,,,,,,,ADMIN,Case ID,,Clinical,Observation, 
95364-6,Personnel Organization,Organization,ID,Pt,Personnel,Nom,,,,,,,ADMIN,Personnel,,Clinical,Observation, 
95369-5,Affiliated with a tribe,Affiliated with a tribe,Find,Pt,^Patient,Ord,,,,,,,ADMIN.DEMOG,Affiliated with tribe,,Clinical,Observation, 
95370-3,Tribal affiliation,Tribal affiliation,Type,Pt,^Patient,Nom,,,,,,,ADMIN.DEMOG,Tribal affiliation,,Clinical,Observation, 
95371-1,Enrolled in a tribe,Enrolled in a tribe,Find,Pt,^Patient,Ord,,,,,,,ADMIN.DEMOG,Enrolled tribe,,Clinical,Observation, 
95372-9,Workplace setting,Workplace setting,Type,Pt,^Patient,Nom,,,,,,,ADMIN.DEMOG,Workplace,,Clinical,Observation, 
95727-4,Contact Name,Name,Pn,Pt,^Contact,Nom,,,,,,,ADMIN,Contact Name,,Clinical,Observation, 
95728-2,Contact Address,Address,Addr,Pt,^Contact,Nom,,,,,,,ADMIN,Contact Address,,Clinical,Observation, 
95729-0,Relationship to decedent Contact,Relationship to decedent,Type,Pt,^Contact,Nom,,,,,,,ADMIN,Rel to decedent Contact,,Clinical,Observation, 
95730-8,Surviving spouse name,Surviving spouse name,Pn,Pt,^Patient,Nom,,,,,,,ADMIN,Surviving spouse name,,Clinical,Observation, 
95731-6,Mother's Maiden name,Maiden name,Pn,Pt,^Mother,Nom,,,,,,,ADMIN,Mother's Maiden name,,Clinical,Observation, 
96676-2,Employer phone number,Employer phone number,Tele,Pt,^Patient,Nom,,,,,,,ADMIN.PATIENT,Employer phone #,,Clinical,Observation, 
96677-0,School Address,Address,Addr,Pt,School,Nom,,,,,,,ADMIN,School Address,,Clinical,Observation, 
96678-8,School code [ID],School code,ID,Pt,School,Nom,,,,,,,ADMIN.ID,School code ID,,Clinical,Observation, 
96679-6,School Identifier assigning authority,Identifier assigning authority,ID,Pt,School,Nom,,,,,,,ADMIN.ID,School ID assign auth,,Clinical,Observation, 
21842-0,Birthplace,,,,,,,,,,,,,,,,,
22019-4,Death certificate number,,,,,,,,,,,,,,,,,
63490-7,Deprecated Birthplace [PhenX],,,,,,,,,,,,,,,,,
64297-5,Death certificate,,,,,,,,,,,,,,,,,
66909-3,"Have you ever had an immediate family member, romantic partner, or very close friend who was murdered [LTVH]",,,,,,,,,,,,,,,,,
67116-4,"Was anyone murdered who was a parent, a brother, a sister, a very close friend, a boyfriend or girlfriend, or someone who lived with you [LTVH]",,,,,,,,,,,,,,,,,
67118-0,"Have you ever known someone who committed suicide or killed themselves; that is, a parent, a sister, a brother, a very close friend, a boyfriend or girlfriend, or someone who lived with you [LTVH]",,,,,,,,,,,,,,,,,
69454-7,Death date comment,,,,,,,,,,,,,,,,,
74025-8,Mother identifier,,,,,,,,,,,,,,,,,
74026-6,Father identifier,,,,,,,,,,,,,,,,,
74499-5,Death pronouncer details,,,,,,,,,,,,,,,,,
74734-5,Death certifier details,,,,,,,,,,,,,,,,,
75257-6,Mother's Marital status [CDC.CS],,,,,,,,,,,,,,,,,
80616-6,Date and time pronounced dead [US Standard Certificate of Death],,,,,,,,,,,,,,,,,
80907-9,Death registration date,,,,,,,,,,,,,,,,,
80909-5,Father's last name,,,,,,,,,,,,,,,,,
81356-8,Death arrangements [Reported],,,,,,,,,,,,,,,,,
86263-1,Data items collected at inpatient facility admission or agency discharge only - discharge from agency - death at home [CMS Assessment],,,,,,,,,,,,,,,,,
86807-5,Death administrative information Document,,,,,,,,,,,,,,,,,
87289-5,Date of fetal death registration,,,,,,,,,,,,,,,,,
87297-8,Birth registration date,,,,,,,,,,,,,,,,,
87302-6,Paternity acknowledgment form signed Father,,,,,,,,,,,,,,,,,
88370-2,"Outcome and assessment information set (OASIS) form - version D, D1 - Discharged from agency - death at home [CMS Assessment]",,,,,,,,,,,,,,,,,
88505-3,OASIS D - Data items collected at inpatient facility admission or agency discharge only - discharge from agency - death at home [CMS Assessment],,,,,,,,,,,,,,,,,
92010-8,Jurisdiction fetal death report Document,,,,,,,,,,,,,,,,,
92013-2,Father's administrative information,,,,,,,,,,,,,,,,,
92019-9,Provider supplied mother's fetal death report Document,,,,,,,,,,,,,,,,,
92021-5,Provider supplied facility fetal death report Document,,,,,,,,,,,,,,,,,
11503-0,Medical records,,,,,,,,,,,,,,,,,
11951-1,Fetal [Identifier] Identifier,,,,,,,,,,,,,,,,,
19111-4,Mother's hospital number,,,,,,,,,,,,,,,,,
19132-0,Mother's name,,,,,,,,,,,,,,,,,
21851-1,Address at cancer diagnosis,,,,,,,,,,,,,,,,,
22018-6,Military patient number,,,,,,,,,,,,,,,,,
22020-2,Maiden name,,,,,,,,,,,,,,,,,
42077-8,Patient phone number,,,,,,,,,,,,,,,,,
45392-8,First name,,,,,,,,,,,,,,,,,
45394-4,Last name,,,,,,,,,,,,,,,,,
45396-9,Social Security number [Identifier],,,,,,,,,,,,,,,,,
45397-7,Medicare or comparable number,,,,,,,,,,,,,,,,,
45400-9,Medicaid number,,,,,,,,,,,,,,,,,
45403-3,Room number [Location],,,,,,,,,,,,,,,,,
45965-1,Name Set,,,,,,,,,,,,,,,,,
45966-9,Social Security and Medicare numbers,,,,,,,,,,,,,,,,,
46106-1,Medical record number [Identifier],,,,,,,,,,,,,,,,,
52069-2,Tax ID number - IRS form W9,,,,,,,,,,,,,,,,,
52461-1,Middle name,,,,,,,,,,,,,,,,,
52462-9,Nickname,,,,,,,,,,,,,,,,,
52463-7,Patient Identification Number or Provider Account Number,,,,,,,,,,,,,,,,,
52532-9,Provider state,,,,,,,,,,,,,,,,,
53599-7,Deprecated ZIP code of prior primary residence,,,,,,,,,,,,,,,,,
54125-0,Name,,,,,,,,,,,,,,,,,
54138-3,Name Family member,,,,,,,,,,,,,,,,,
54503-8,Legal name of patient,,,,,,,,,,,,,,,,,
54504-6,Deprecated Social Security and Medicare numbers,,,,,,,,,,,,,,,,,
56794-1,Internal identifier,,,,,,,,,,,,,,,,,
56795-8,Account number [Identifier],,,,,,,,,,,,,,,,,
56799-0,Address,,,,,,,,,,,,,,,,,
56861-8,Emergency contact Name,,,,,,,,,,,,,,,,,
56862-6,Emergency contact Address,,,,,,,,,,,,,,,,,
56863-4,Emergency contact Phone number,,,,,,,,,,,,,,,,,
63497-2,Current street number [Location] [PhenX],,,,,,,,,,,,,,,,,
63498-0,Current street name [Location] [PhenX],,,,,,,,,,,,,,,,,
63500-3,Current city [PhenX],,,,,,,,,,,,,,,,,
63502-9,Deprecated Current zip code [Location] [PhenX],,,,,,,,,,,,,,,,,
63728-0,"What is the residence address, street - crosstreets, city, state or landmark [P",,,,,,,,,,,,,,,,,
64866-7,In what city or town were you living when you were 18 [PhenX],,,,,,,,,,,,,,,,,
64867-5,To what city or town did you move to next [PhenX],,,,,,,,,,,,,,,,,
64869-1,City [PhenX],,,,,,,,,,,,,,,,,
66280-9,School Name,,,,,,,,,,,,,,,,,
68997-6,City,,,,,,,,,,,,,,,,,
68998-4,U.S. standard certificate of live birth - 2003 revision,,,,,,,,,,,,,,,,,
69409-1,U.S. standard certificate of death - 2003 revision,,,,,,,,,,,,,,,,,
69435-6,Street address where death occurred if not facility,,,,,,,,,,,,,,,,,
74024-1,Family member identifier,,,,,,,,,,,,,,,,,
74027-4,Family pedigree identifier,,,,,,,,,,,,,,,,,
74548-9,Reporter phone number,,,,,,,,,,,,,,,,,
74710-5,Asset tag number,,,,,,,,,,,,,,,,,
74711-3,Unique device identifier,,,,,,,,,,,,,,,,,
74713-9,Other unique product identifier [Type],,,,,,,,,,,,,,,,,
74726-1,Other unique product identifier,,,,,,,,,,,,,,,,,
75519-9,Encounter identifier,,,,,,,,,,,,,,,,,
76435-7,Patient identifier,,,,,,,,,,,,,,,,,
76458-9,Patient Email address,,,,,,,,,,,,,,,,,
78239-1,Resource identifier [URI] for Clinical document,,,,,,,,,,,,,,,,,
80427-8,Employer name [Identifier],,,,,,,,,,,,,,,,,
80428-6,Past employer name [Identifier],,,,,,,,,,,,,,,,,
80429-4,Employer address,,,,,,,,,,,,,,,,,
80430-2,Past employer address,,,,,,,,,,,,,,,,,
80431-0,Employer city,,,,,,,,,,,,,,,,,
80432-8,Past employer city,,,,,,,,,,,,,,,,,
80433-6,Employer state,,,,,,,,,,,,,,,,,
80434-4,Past employer state,,,,,,,,,,,,,,,,,
80571-3,Certificate,,,,,,,,,,,,,,,,,
80903-8,Birth certificate ID,,,,,,,,,,,,,,,,,
82787-3,Participant identifier,,,,,,,,,,,,,,,,,
86345-6,U.S. standard certificate of death - recommended 2003 revision set,,,,,,,,,,,,,,,,,
86347-2,U.S. standard certificate of live birth - recommended 2003 revision set,,,,,,,,,,,,,,,,,
87226-7,Legal name of patient - first and last,,,,,,,,,,,,,,,,,
89058-2,Contact email address,,,,,,,,,,,,,,,,,
89060-8,Contact Phone number,,,,,,,,,,,,,,,,,
89061-6,Insurance group number [Identifier],,,,,,,,,,,,,,,,,
89601-9,Proof of encounter certificate,,,,,,,,,,,,,,,,,
90852-5,Patient Fax number,,,,,,,,,,,,,,,,,
92045-4,Name of Donor,,,,,,,,,,,,,,,,,
53245-7,Driver license,,,,,,,,,,,,,,,,,
64290-0,Health insurance card,,,,,,,,,,,,,,,,,
71230-7,Birth certificate,,,,,,,,,,,,,,,,,
15514-3,"Ambulance transport, Ordering practitioner identifier type",,,,,,,,,,,,,,,,,
18581-9,"Ambulance transport, Origination site Address",,,,,,,,,,,,,,,,,
18583-5,"Ambulance transport, Destination site Address",,,,,,,,,,,,,,,,,
18730-2,"Deprecated Psychiatric rehabilitation treatment plan, Author ID Identifier",,,,,,,,,,,,,,,,,
21866-9,Patient ID.hospital,,,,,,,,,,,,,,,,,
31211-6,Date of death,,,,,,,,,,,,,,,,,
39270-4,"Follow-up (referred to) provider /specialist, address CPHS",,,,,,,,,,,,,,,,,
39276-1,"Follow-up (referred to) program, address CPHS",,,,,,,,,,,,,,,,,
39282-9,"Responsible party, home phone number CPHS",,,,,,,,,,,,,,,,,
42127-1,Name of follow-up contact,,,,,,,,,,,,,,,,,
44780-5,Organ donor ID number Narrative,,,,,,,,,,,,,,,,,
45250-8,HIV confirmation facility Address,,,,,,,,,,,,,,,,,
45253-2,HIV treatment prior clinic transferred from Address,,,,,,,,,,,,,,,,,
45255-7,HIV treatment clinic transferred to Address,,,,,,,,,,,,,,,,,
46446-1,Record ID section Set NAACCR v.11,,,,,,,,,,,,,,,,,
46496-6,Agency patient number [CMS Assessment],,,,,,,,,,,,,,,,,
46503-9,Deprecated Most recent inpatient discharge date [OASIS],,,,,,,,,,,,,,,,,
46582-3,"Discharge, transfer, death date [CMS Assessment]",,,,,,,,,,,,,,,,,
52010-6,"Ambulance transport, Other patient name",,,,,,,,,,,,,,,,,
52011-4,"Ambulance transport, Other patient identifier",,,,,,,,,,,,,,,,,
52014-8,"Ambulance transport, Receiving individual accepting responsibility for patient Identifier",,,,,,,,,,,,,,,,,
52023-9,"Ambulance transport, Origination site name and address",,,,,,,,,,,,,,,,,
52026-2,"Ambulance transport, Destination site name and address",,,,,,,,,,,,,,,,,
52037-9,Member ID card copy,,,,,,,,,,,,,,,,,
52455-3,Admission date,,,,,,,,,,,,,,,,,
52525-3,Discharge date,,,,,,,,,,,,,,,,,
54124-3,Birth date Family member,,,,,,,,,,,,,,,,,
55078-0,Federal employer tax ID Software vendor,,,,,,,,,,,,,,,,,
55093-9,Vendor email address Software,,,,,,,,,,,,,,,,,
55174-7,Patient identification data Set DEEDS,,,,,,,,,,,,,,,,,
60506-3,Record ID section Set NAACCR v.12,,,,,,,,,,,,,,,,,
63052-5,PhenX - current address protocol 010801,,,,,,,,,,,,,,,,,
66302-1,Participant [Identifier],,,,,,,,,,,,,,,,,
71720-7,Personnel Address,,,,,,,,,,,,,,,,,
71723-1,Personnel Cell phone number,,,,,,,,,,,,,,,,,
71724-9,Personnel Home phone number,,,,,,,,,,,,,,,,,
71725-6,Personnel Business phone number extension,,,,,,,,,,,,,,,,,
71726-4,Personnel Business phone number,,,,,,,,,,,,,,,,,
71727-2,Personnel Fax number,,,,,,,,,,,,,,,,,
71728-0,Personnel Email address,,,,,,,,,,,,,,,,,
71733-0,Personnel Address 2,,,,,,,,,,,,,,,,,
71734-8,Personnel Preferred mailing address,,,,,,,,,,,,,,,,,
71736-3,Personnel Name prefix,,,,,,,,,,,,,,,,,
71737-1,Personnel Name suffix,,,,,,,,,,,,,,,,,
71739-7,Personnel First name,,,,,,,,,,,,,,,,,
71740-5,Personnel Last name,,,,,,,,,,,,,,,,,
71750-4,Primary contact phone number extension Facility,,,,,,,,,,,,,,,,,
71751-2,Primary contact phone number Facility,,,,,,,,,,,,,,,,,
71752-0,Primary contact first name Facility,,,,,,,,,,,,,,,,,
71753-8,Primary contact last name Facility,,,,,,,,,,,,,,,,,
73766-8,Place where birth occurred [US Standard Certificate of Live Birth],,,,,,,,,,,,,,,,,
73774-2,Onset of labor [US Standard Certificate of Live Birth],,,,,,,,,,,,,,,,,
74718-8,Type of device identifier [AHRQ],,,,,,,,,,,,,,,,,
76429-0,Physical therapy Discharge date,,,,,,,,,,,,,,,,,
76470-4,Organization federal tax ID,,,,,,,,,,,,,,,,,
76695-6,Organization ZIP code,,,,,,,,,,,,,,,,,
77967-8,Reporting county,,,,,,,,,,,,,,,,,
77972-8,Earliest date reported to county,,,,,,,,,,,,,,,,,
77987-6,County of exposure to illness [Location],,,,,,,,,,,,,,,,,
81681-9,Verified two types of patient identification,,,,,,,,,,,,,,,,,
81954-0,Date of death [Date],,,,,,,,,,,,,,,,,
82753-5,County of travel [Location],,,,,,,,,,,,,,,,,
85058-6,Imputed values for date of death,,,,,,,,,,,,,,,,,
85059-4,Confidence in date of death,,,,,,,,,,,,,,,,,
86470-2,Most recent inpatient discharge date in the last 14 days [CMS Assessment],,,,,,,,,,,,,,,,,
8649-6,Hospital discharge date,,,,,,,,,,,,,,,,,
8656-1,Hospital admission date,,,,,,,,,,,,,,,,,
87290-3,Date of Social Security Number request,,,,,,,,,,,,,,,,,
87294-5,Guardian or legally authorized representative signature for Social Security Number request,,,,,,,,,,,,,,,,,
87532-8,Most important mental health issue to address,,,,,,,,,,,,,,,,,
87721-7,County of residence [Location],,,,,,,,,,,,,,,,,
89059-0,Secondary contact name,,,,,,,,,,,,,,,,,
90052-2,Organization Address,,,,,,,,,,,,,,,,,
90054-8,Organization Email address,,,,,,,,,,,,,,,,,
90057-1,Name of Contact at Organization,,,,,,,,,,,,,,,,,
90093-6,Personnel name,,,,,,,,,,,,,,,,,
90097-7,Email address of person responsible for generating report,,,,,,,,,,,,,,,,,
90111-6,Incident commander email address,,,,,,,,,,,,,,,,,
90123-1,Response team leader name,,,,,,,,,,,,,,,,,
90125-6,Response team member name,,,,,,,,,,,,,,,,,
91004-2,Deprecated Email address Personnel,,,,,,,,,,,,,,,,,
91696-5,Response team name,,,,,,,,,,,,,,,,,
91697-3,Volunteer Name,,,,,,,,,,,,,,,,,
91703-9,Shelter address Facility,,,,,,,,,,,,,,,,,
91892-0,Address Volunteer,,,,,,,,,,,,,,,,,
91893-8,Email address Volunteer,,,,,,,,,,,,,,,,,
91894-6,Volunteer Phone number,,,,,,,,,,,,,,,,,
92009-0,Personnel Birth date,,,,,,,,,,,,,,,,,
92028-0,Personnel Supervisor name,,,,,,,,,,,,,,,,,
92029-8,Personnel Supervisor email address,,,,,,,,,,,,,,,,,
92030-6,Personnel Supervisor address,,,,,,,,,,,,,,,,,
92032-2,Supervisor phone number,,,,,,,,,,,,,,,,,
92634-5,Address type,,,,,,,,,,,,,,,,,
94131-0,Body disposition facility address,,,,,,,,,,,,,,,,,
94133-6,Funeral facility address,,,,,,,,,,,,,,,,,
94664-0,Anticipated discharge date,,,,,,,,,,,,,,,,,
95367-9,Intensive care unit (ICU) admission date,,,,,,,,,,,,,,,,,
95368-7,Intensive care unit (ICU) discharge date,,,,,,,,,,,,,,,,,
52460-3,Patient Information,,,,,,,,,,,,,,,,,
LP116197-7,Death certificate,,,,,,,,,,,,,,,,,
LP416787-2,Death certificate | {Setting} | Document ontology,,,,,,,,,,,,,,,,,
LP57353-2,Summary of death note,,,,,,,,,,,,,,,,,
LP416803-7,Health insurance card &#x7C; {Setting} &#x7C; Document ontology,,,,,,,,,,,,,,,,,
LP416787-2,Death certificate &#x7C; {Setting} &#x7C; Document ontology,,,,,,,,,,,,,,,,,
LP416786-4,Birth certificate &#x7C; {Setting} &#x7C; Document ontology,,,,,,,,,,,,,,,,,
LP267920-9,Proof of encounter certificate,,,,,,,,,,,,,,,,,
LP416785-6,Certificate &#x7C; {Setting} &#x7C; Document ontology,,,,,,,,,,,,,,,,,
LP230533-4,State of travel,,,,,,,,,,,,,,,,,
LP419182-3,State of travel &#x7C; Patient &#x7C; History,,,,,,,,,,,,,,,,,
LP416802-9,Driver license &#x7C; {Setting} &#x7C; Document ontology,,,,,,,,,,,,,,,,,
LP418057-8,City of travel,,,,,,,,,,,,,,,,,
LP419181-5,City of travel &#x7C; Patient &#x7C; History,,,,,,,,,,,,,,,,,
LP418079-2,State of known exposure,,,,,,,,,,,,,,,,,
LP419189-8,State of known exposure &#x7C; Patient &#x7C; History,,,,,,,,,,,,,,,,,
LP116194-4,Health insurance card,,,,,,,,,,,,,,,,,
LP149090-5,Birth certificate,,,,,,,,,,,,,,,,,
LP149091-3,Certificate,,,,,,,,,,,,,,,,,
LP74012-3,Driver license,,,,,,,,,,,,,,,,,
LP418851-4,Intensive care unit (ICU) admission date,,,,,,,,,,,,,,,,,
LP419194-8,Intensive care unit (ICU) admission date &#x7C; Patient &#x7C; History,,,,,,,,,,,,,,,,,
LP418852-2,Intensive care unit (ICU) discharge date,,,,,,,,,,,,,,,,,
LP419195-5,Intensive care unit (ICU) discharge date &#x7C; Patient &#x7C; History,,,,,,,,,,,,,,,,,
LP36348-8,Patient information,,,,,,,,,,,,,,,,,
